Investigator,,Time (s),Electrode,Amplitude (mV)
Recording Name,D17_POSTsiembra_P1_D4_(IV),00000.143440,D4_42,0.069
Description,,00000.471680,D4_42,0.08
Maestro Edge (Maestro-091) Settings,,00000.833040,D4_42,0.079
   Original File Time,04/22/2024 15:23:34,00000.835840,D4_42,0.021
   Sampling Frequency,12.5 kHz,00001.180000,D4_42,0.079
   Voltage Scale,-5.484861781483107E-08 V/sample,00001.223600,D4_23,0.024
   Experiment Start Time,04/22/2024 15:00:33,00001.536160,D4_42,0.072
   Referencing Method,Median,00001.797600,D4_42,0.076
   Analog Mode Setting,Neural Spikes,00001.799920,D4_42,0.02
   Plate Type,CytoView MEA 24,00002.094080,D4_42,0.078
   Digital Low Pass Filter,3 kHz Kaiser Window,00002.096560,D4_42,0.016
   Digital High Pass Filter,200 Hz IIR,00002.458640,D4_42,0.079
   Temperature Set Point,37.0 Degrees C,00002.718720,D4_42,0.075
   Current Temperature,37.0 Degrees C,00003.021920,D4_42,0.078
   Heater Power,On,00003.386240,D4_42,0.077
   Legacy Heating Mode,Off,00003.458800,D4_31,0.017
   Barcode Plate Type,TwentyFourWell,00003.639360,D4_42,0.079
   Plate Serial Number,114-3632,00004.020800,D4_42,0.076
   CO2 Conc. Set Point,5.0 %,00004.429680,D4_42,0.081
   Actual CO2 Conc.,5.0 %,00004.432240,D4_42,0.018
   Gas Mixer Status,Regulating,00005.105600,D4_42,0.073
   AxIS Version,3.10.3.6,00005.634640,D4_42,0.077
   Maestro Edge (Maestro-091) Firmware,3.6.2.2,00006.137520,D4_42,0.077
   Maestro Edge (Maestro-091) BioCore Version,BioCore 4B,00006.273360,D4_31,0.018
,,00006.588400,D4_42,0.083
Spike Detector Settings,,00006.976960,D4_42,0.085
   Method,Adaptive Threshold Crossing,00006.979760,D4_42,0.019
   Threshold,6,00007.372640,D4_42,0.074
   Threshold Status,Variable,00007.740000,D4_42,0.083
   Threshold Crossing Only,True,00008.179760,D4_42,0.079
   Pre-Spike Duration,0.84 ms,00008.182080,D4_42,0.014
   Post-Spike Duration,2.16 ms,00008.470400,D4_42,0.075
   Coincident Event Filter,Default (Well),00008.472720,D4_42,0.017
   Coincidence Occurrence Threshold,4 Electrodes,00008.842240,D4_42,0.071
   Coincidence Event Window,80 µs,00008.844720,D4_42,0.02
   Allow Sample Overlap,false,00009.123760,D4_42,0.075
   Spike Count Interval,1 s,00009.461120,D4_42,0.082
,,00009.843280,D4_42,0.07
,,00010.201760,D4_42,0.076
,,00010.604480,D4_42,0.078
,,00011.076160,D4_42,0.075
,,00011.458000,D4_42,0.07
,,00011.733840,D4_42,0.078
,,00012.098080,D4_42,0.079
,,00012.569040,D4_42,0.085
,,00012.899360,D4_42,0.073
,,00012.902160,D4_42,0.02
,,00013.427840,D4_42,0.084
,,00014.544880,D4_42,0.075
,,00017.203920,D4_42,0.073
,,00017.520800,D4_42,0.08
,,00017.523440,D4_42,0.019
,,00017.743040,D4_42,0.078
,,00018.114640,D4_42,0.078
,,00018.203440,D4_31,0.021
,,00018.481920,D4_42,0.075
,,00018.764160,D4_42,0.081
,,00018.766880,D4_42,0.015
,,00019.054800,D4_42,0.079
,,00019.406640,D4_42,0.08
,,00019.731840,D4_42,0.071
,,00019.734400,D4_42,0.018
,,00019.997600,D4_42,0.071
,,00020.278240,D4_42,0.075
,,00020.499760,D4_42,0.077
,,00020.847600,D4_42,0.085
,,00021.120880,D4_42,0.079
,,00021.123520,D4_42,0.02
,,00021.440320,D4_42,0.078
,,00021.758960,D4_42,0.076
,,00022.075600,D4_42,0.078
,,00022.078240,D4_42,0.016
,,00022.398400,D4_42,0.079
,,00022.400880,D4_42,0.015
,,00022.728240,D4_42,0.075
,,00022.731040,D4_42,0.018
,,00023.019120,D4_42,0.076
,,00023.330400,D4_42,0.072
,,00023.333040,D4_42,0.02
,,00023.753040,D4_42,0.081
,,00024.124960,D4_42,0.076
,,00024.127760,D4_42,0.016
,,00024.424960,D4_42,0.075
,,00024.496240,D4_31,0.017
,,00024.754800,D4_41,0.01
,,00024.756160,D4_42,0.075
,,00024.758480,D4_42,0.012
,,00024.799040,D4_41,0.025
,,00025.138000,D4_42,0.074
,,00025.515040,D4_42,0.075
,,00025.842080,D4_42,0.076
,,00025.987440,D4_31,0.018
,,00026.162960,D4_42,0.077
,,00026.438960,D4_42,0.075
,,00026.758000,D4_42,0.077
,,00027.144080,D4_42,0.073
,,00027.480400,D4_42,0.077
,,00027.811040,D4_42,0.085
,,00027.813280,D4_42,0.014
,,00028.190240,D4_42,0.076
,,00028.529440,D4_42,0.077
,,00028.810080,D4_42,0.07
,,00029.166800,D4_42,0.071
,,00029.495680,D4_31,0.019
,,00029.512880,D4_42,0.076
,,00029.515120,D4_42,0.016
,,00029.881760,D4_42,0.077
,,00030.346480,D4_42,0.081
,,00030.649920,D4_42,0.076
,,00030.982080,D4_42,0.08
,,00031.259120,D4_42,0.073
,,00031.261680,D4_42,0.014
,,00031.525360,D4_42,0.072
,,00031.830160,D4_42,0.075
,,00032.129040,D4_42,0.079
,,00032.408560,D4_42,0.082
,,00032.411200,D4_42,0.016
,,00032.709680,D4_42,0.077
,,00032.952720,D4_42,0.072
,,00033.199200,D4_42,0.079
,,00033.202080,D4_42,0.016
,,00033.517280,D4_42,0.079
,,00033.519920,D4_42,0.017
,,00033.840800,D4_42,0.071
,,00034.197200,D4_42,0.074
,,00034.200160,D4_42,0.018
,,00034.473600,D4_42,0.076
,,00034.825280,D4_42,0.076
,,00035.093840,D4_42,0.08
,,00035.096080,D4_42,0.016
,,00035.328000,D4_31,0.018
,,00035.364400,D4_42,0.075
,,00035.367120,D4_42,0.02
,,00035.385600,D4_31,0.019
,,00035.529280,D4_32,0.016
,,00035.700960,D4_42,0.086
,,00035.818560,D4_42,0.08
,,00036.257600,D4_42,0.075
,,00036.260240,D4_42,0.019
,,00036.616640,D4_42,0.07
,,00036.934960,D4_42,0.076
,,00037.330320,D4_42,0.079
,,00037.332960,D4_42,0.019
,,00037.800160,D4_42,0.081
,,00038.153680,D4_42,0.077
,,00038.167920,D4_31,0.015
,,00038.566880,D4_31,0.018
,,00038.637200,D4_42,0.072
,,00039.041920,D4_42,0.082
,,00039.843440,D4_42,0.079
,,00039.952160,D4_31,0.021
,,00040.172160,D4_42,0.076
,,00040.249600,D4_31,0.018
,,00040.552400,D4_42,0.069
,,00040.555280,D4_42,0.023
,,00040.814560,D4_31,0.017
,,00040.986640,D4_42,0.085
,,00040.989120,D4_42,0.017
,,00041.247520,D4_42,0.076
,,00041.519120,D4_42,0.086
,,00041.606480,D4_31,0.019
,,00041.806880,D4_31,0.02
,,00041.815760,D4_42,0.08
,,00042.019600,D4_31,0.017
,,00042.135440,D4_42,0.073
,,00042.138000,D4_42,0.017
,,00042.515440,D4_42,0.077
,,00042.880000,D4_42,0.075
,,00042.882320,D4_42,0.014
,,00043.201040,D4_42,0.082
,,00043.203600,D4_42,0.017
,,00043.462560,D4_42,0.077
,,00043.767360,D4_42,0.07
,,00043.769680,D4_42,0.015
,,00044.092400,D4_42,0.07
,,00044.095680,D4_42,0.019
,,00044.372400,D4_42,0.078
,,00044.724560,D4_42,0.069
,,00044.727680,D4_42,0.017
,,00045.004880,D4_13,0.02
,,00045.048640,D4_31,0.019
,,00045.054560,D4_42,0.075
,,00045.369840,D4_42,0.08
,,00045.641440,D4_42,0.072
,,00045.897600,D4_42,0.075
,,00046.139680,D4_42,0.079
,,00046.417600,D4_42,0.072
,,00046.420000,D4_42,0.017
,,00046.640880,D4_42,0.069
,,00046.891360,D4_42,0.074
,,00046.893760,D4_42,0.018
,,00047.136640,D4_42,0.074
,,00047.139440,D4_42,0.018
,,00047.380880,D4_42,0.074
,,00047.653360,D4_42,0.08
,,00047.951440,D4_31,0.017
,,00047.955680,D4_42,0.076
,,00048.216400,D4_42,0.074
,,00048.218880,D4_42,0.013
,,00048.297600,D4_31,0.018
,,00048.437520,D4_42,0.075
,,00048.694800,D4_42,0.075
,,00048.943200,D4_31,0.019
,,00048.989280,D4_42,0.076
,,00048.991760,D4_42,0.017
,,00049.152400,D4_31,0.018
,,00049.273760,D4_42,0.073
,,00049.564880,D4_42,0.08
,,00049.567680,D4_42,0.019
,,00049.806480,D4_42,0.075
,,00050.126240,D4_42,0.078
,,00050.151120,D4_31,0.022
,,00050.410560,D4_42,0.075
,,00050.714400,D4_42,0.078
,,00051.047520,D4_42,0.087
,,00051.430480,D4_42,0.073
,,00051.673520,D4_42,0.073
,,00051.913440,D4_42,0.073
,,00052.277200,D4_42,0.075
,,00052.625600,D4_42,0.077
,,00052.943040,D4_42,0.077
,,00053.270400,D4_42,0.069
,,00053.657760,D4_42,0.075
,,00053.660800,D4_42,0.019
,,00054.001440,D4_42,0.078
,,00054.271760,D4_31,0.021
,,00054.347840,D4_42,0.074
,,00054.830560,D4_42,0.081
,,00054.832960,D4_42,0.017
,,00055.188480,D4_42,0.08
,,00055.191200,D4_42,0.015
,,00055.464160,D4_42,0.076
,,00055.466720,D4_42,0.018
,,00055.790160,D4_42,0.076
,,00056.120640,D4_42,0.072
,,00056.415120,D4_42,0.072
,,00056.870080,D4_42,0.079
,,00057.180640,D4_23,0.035
,,00057.219840,D4_42,0.076
,,00057.222640,D4_42,0.02
,,00057.561200,D4_42,0.073
,,00057.891680,D4_42,0.073
,,00058.246960,D4_42,0.078
,,00058.572720,D4_42,0.075
,,00058.950720,D4_42,0.076
,,00058.953360,D4_42,0.019
,,00059.272080,D4_42,0.082
,,00059.675840,D4_42,0.078
,,00059.678480,D4_42,0.022
,,00059.930720,D4_31,0.015
,,00060.113200,D4_42,0.071
,,00060.614400,D4_42,0.081
,,00060.616800,D4_42,0.019
,,00060.932000,D4_42,0.074
,,00060.935200,D4_42,0.02
,,00061.248480,D4_31,0.017
,,00061.272240,D4_42,0.076
,,00061.275200,D4_42,0.019
,,00061.642400,D4_42,0.074
,,00062.021840,D4_42,0.07
,,00062.024240,D4_42,0.021
,,00062.384080,D4_42,0.074
,,00062.704560,D4_42,0.08
,,00063.076160,D4_42,0.074
,,00063.483600,D4_42,0.076
,,00063.804720,D4_42,0.079
,,00064.099600,D4_42,0.078
,,00064.439120,D4_42,0.076
,,00064.698160,D4_31,0.017
,,00064.809920,D4_42,0.077
,,00065.223120,D4_42,0.071
,,00065.771280,D4_42,0.073
,,00066.123760,D4_42,0.075
,,00066.505520,D4_42,0.081
,,00066.834240,D4_42,0.074
,,00067.150560,D4_42,0.075
,,00067.153200,D4_42,0.02
,,00067.536000,D4_42,0.074
,,00067.732720,D4_31,0.028
,,00067.732880,D4_32,0.026
,,00067.734960,D4_31,0.013
,,00067.912560,D4_42,0.075
,,00067.936880,D4_31,0.024
,,00067.937040,D4_32,0.021
,,00067.939520,D4_31,0.024
,,00068.044080,D4_31,0.02
,,00068.383600,D4_42,0.078
,,00068.386880,D4_42,0.021
,,00068.758080,D4_31,0.02
,,00068.818640,D4_42,0.077
,,00069.333120,D4_42,0.073
,,00069.670560,D4_42,0.08
,,00069.672880,D4_42,0.014
,,00069.964160,D4_42,0.075
,,00069.966560,D4_42,0.012
,,00070.342720,D4_42,0.072
,,00070.962640,D4_42,0.079
,,00070.964640,D4_31,0.033
,,00070.964720,D4_32,0.019
,,00070.964960,D4_42,0.017
,,00070.967280,D4_32,0.013
,,00071.175840,D4_31,0.03
,,00071.176000,D4_32,0.021
,,00071.178320,D4_31,0.011
,,00071.379760,D4_42,0.076
,,00071.784720,D4_42,0.072
,,00072.128240,D4_42,0.077
,,00072.130800,D4_42,0.016
,,00072.578800,D4_42,0.08
,,00072.615680,D4_23,0.031
,,00072.906960,D4_42,0.073
,,00073.290240,D4_42,0.079
,,00073.624480,D4_42,0.072
,,00073.627040,D4_42,0.015
,,00074.044000,D4_42,0.075
,,00074.047200,D4_42,0.02
,,00074.211440,D4_31,0.027
,,00074.211600,D4_32,0.024
,,00074.351920,D4_42,0.076
,,00074.425840,D4_31,0.026
,,00074.425920,D4_32,0.026
,,00074.776320,D4_42,0.075
,,00075.144400,D4_42,0.067
,,00075.271680,D4_23,0.027
,,00075.478880,D4_42,0.076
,,00075.830800,D4_42,0.073
,,00076.137280,D4_42,0.075
,,00076.533520,D4_42,0.072
,,00076.744560,D4_31,0.018
,,00076.870880,D4_42,0.074
,,00076.873360,D4_42,0.021
,,00077.284560,D4_42,0.072
,,00077.463440,D4_31,0.028
,,00077.463440,D4_32,0.024
,,00077.676560,D4_31,0.03
,,00077.676720,D4_32,0.026
,,00077.913440,D4_42,0.082
,,00077.915760,D4_42,0.017
,,00078.281680,D4_42,0.077
,,00078.284720,D4_42,0.022
,,00078.588320,D4_31,0.017
,,00078.715120,D4_42,0.074
,,00078.894880,D4_31,0.02
,,00079.095760,D4_42,0.072
,,00079.098480,D4_42,0.016
,,00079.461920,D4_42,0.077
,,00079.465040,D4_42,0.023
,,00079.868560,D4_42,0.075
,,00080.173920,D4_42,0.08
,,00080.176960,D4_42,0.018
,,00080.484800,D4_42,0.075
,,00080.675120,D4_23,0.029
,,00080.717280,D4_31,0.031
,,00080.717360,D4_32,0.022
,,00080.738400,D4_42,0.075
,,00080.740720,D4_42,0.015
,,00080.925520,D4_31,0.025
,,00080.925600,D4_32,0.026
,,00080.927920,D4_31,0.014
,,00081.030000,D4_42,0.074
,,00081.381360,D4_42,0.078
,,00082.200080,D4_42,0.071
,,00082.627200,D4_42,0.074
,,00083.029600,D4_42,0.085
,,00083.441840,D4_42,0.079
,,00083.825920,D4_42,0.075
,,00083.828240,D4_42,0.017
,,00083.946160,D4_31,0.026
,,00083.946240,D4_32,0.023
,,00083.948400,D4_31,0.012
,,00084.158560,D4_31,0.028
,,00084.158800,D4_32,0.027
,,00084.161200,D4_31,0.012
,,00084.163440,D4_42,0.07
,,00084.613520,D4_42,0.074
,,00084.993280,D4_42,0.074
,,00085.343520,D4_42,0.083
,,00085.714880,D4_42,0.076
,,00086.005920,D4_42,0.078
,,00086.301200,D4_42,0.075
,,00086.558720,D4_23,0.028
,,00086.664960,D4_42,0.074
,,00086.667680,D4_42,0.019
,,00087.044000,D4_42,0.073
,,00087.196080,D4_31,0.031
,,00087.196080,D4_32,0.022
,,00087.198560,D4_31,0.013
,,00087.198800,D4_32,0.016
,,00087.356320,D4_42,0.074
,,00087.413040,D4_31,0.024
,,00087.413120,D4_32,0.023
,,00087.415280,D4_31,0.015
,,00087.447920,D4_13,0.026
,,00087.628640,D4_42,0.08
,,00087.913680,D4_42,0.075
,,00087.916480,D4_42,0.012
,,00088.172560,D4_42,0.073
,,00088.516000,D4_42,0.08
,,00088.858080,D4_42,0.069
,,00089.168320,D4_42,0.073
,,00089.474560,D4_42,0.076
,,00089.883920,D4_42,0.07
,,00090.305120,D4_42,0.07
,,00090.445920,D4_31,0.027
,,00090.446000,D4_32,0.023
,,00090.448480,D4_31,0.011
,,00090.658160,D4_31,0.02
,,00090.658400,D4_32,0.023
,,00090.660720,D4_31,0.009
,,00090.682320,D4_42,0.078
,,00090.987280,D4_42,0.076
,,00090.989920,D4_42,0.014
,,00091.281760,D4_42,0.079
,,00091.631440,D4_42,0.077
,,00091.634000,D4_42,0.011
,,00091.913120,D4_41,0.019
,,00092.225040,D4_42,0.081
,,00092.522080,D4_42,0.068
,,00092.911520,D4_42,0.079
,,00093.253360,D4_31,0.02
,,00093.312240,D4_42,0.072
,,00093.566080,D4_42,0.085
,,00093.695840,D4_31,0.029
,,00093.695920,D4_32,0.024
,,00093.698160,D4_32,0.011
,,00093.841600,D4_42,0.068
,,00093.911920,D4_31,0.026
,,00093.912000,D4_32,0.025
,,00093.914400,D4_31,0.014
,,00094.150160,D4_42,0.077
,,00094.457520,D4_42,0.078
,,00094.504720,D4_43,0.018
,,00094.780080,D4_42,0.073
,,00095.045280,D4_42,0.074
,,00095.047680,D4_42,0.016
,,00095.477600,D4_42,0.068
,,00095.480800,D4_42,0.019
,,00095.616000,D4_31,0.018
,,00095.865760,D4_42,0.073
,,00096.082000,D4_23,0.017
,,00096.265040,D4_42,0.072
,,00096.712320,D4_42,0.075
,,00096.945680,D4_31,0.023
,,00096.945760,D4_32,0.024
,,00096.948000,D4_31,0.011
,,00097.048240,D4_42,0.079
,,00097.157520,D4_31,0.027
,,00097.157600,D4_32,0.022
,,00097.160240,D4_31,0.022
,,00097.325600,D4_42,0.078
,,00097.722560,D4_42,0.074
,,00098.073600,D4_42,0.081
,,00098.401760,D4_42,0.071
,,00098.884240,D4_42,0.077
,,00099.291040,D4_42,0.077
,,00099.293680,D4_42,0.02
,,00099.637120,D4_42,0.074
,,00099.680320,D4_31,0.016
,,00100.031920,D4_42,0.074
,,00100.201600,D4_31,0.041
,,00100.201600,D4_32,0.038
,,00100.407040,D4_31,0.045
,,00100.407040,D4_32,0.034
,,00100.407680,D4_21,0.02
,,00100.409840,D4_32,0.012
,,00100.410400,D4_31,0.015
,,00100.446560,D4_42,0.08
,,00100.805680,D4_42,0.075
,,00100.808160,D4_42,0.016
,,00101.116640,D4_42,0.074
,,00101.119040,D4_42,0.014
,,00101.457040,D4_42,0.077
,,00101.459600,D4_42,0.019
,,00101.896400,D4_42,0.075
,,00102.273440,D4_42,0.077
,,00102.276080,D4_42,0.015
,,00102.510240,D4_23,0.018
,,00102.747680,D4_42,0.076
,,00103.146640,D4_42,0.072
,,00103.149200,D4_42,0.017
,,00103.434480,D4_31,0.042
,,00103.434480,D4_32,0.032
,,00103.437040,D4_32,0.016
,,00103.553120,D4_42,0.071
,,00103.555920,D4_42,0.022
,,00103.640640,D4_31,0.043
,,00103.640640,D4_32,0.034
,,00103.643680,D4_32,0.013
,,00104.063760,D4_42,0.073
,,00104.391360,D4_42,0.069
,,00104.394320,D4_42,0.019
,,00104.674800,D4_42,0.072
,,00104.677440,D4_42,0.014
,,00104.926400,D4_42,0.076
,,00105.306240,D4_42,0.076
,,00105.700560,D4_42,0.078
,,00106.071920,D4_42,0.074
,,00106.074480,D4_42,0.017
,,00106.369520,D4_42,0.083
,,00106.371760,D4_42,0.013
,,00106.678320,D4_31,0.037
,,00106.678400,D4_32,0.032
,,00106.678480,D4_21,0.023
,,00106.680800,D4_32,0.009
,,00106.727840,D4_42,0.068
,,00106.890000,D4_31,0.038
,,00106.890080,D4_32,0.032
,,00106.892480,D4_32,0.009
,,00107.040160,D4_42,0.072
,,00107.042720,D4_42,0.019
,,00107.372320,D4_42,0.076
,,00107.738160,D4_42,0.073
,,00108.109120,D4_42,0.079
,,00108.111760,D4_42,0.017
,,00108.385840,D4_31,0.02
,,00108.463440,D4_42,0.083
,,00108.842800,D4_42,0.078
,,00108.845200,D4_42,0.016
,,00108.988720,D4_23,0.018
,,00109.216160,D4_42,0.076
,,00109.219120,D4_42,0.019
,,00109.661280,D4_42,0.072
,,00109.864400,D4_31,0.021
,,00109.918240,D4_31,0.039
,,00109.918240,D4_32,0.038
,,00109.921360,D4_31,0.018
,,00109.963520,D4_42,0.072
,,00110.123040,D4_31,0.035
,,00110.123120,D4_32,0.04
,,00110.125520,D4_32,0.008
,,00110.126320,D4_31,0.015
,,00110.268720,D4_42,0.082
,,00110.592960,D4_42,0.08
,,00110.966160,D4_42,0.078
,,00111.276880,D4_42,0.077
,,00111.279920,D4_42,0.017
,,00111.677840,D4_42,0.072
,,00112.098560,D4_42,0.078
,,00112.101120,D4_42,0.016
,,00112.582960,D4_42,0.072
,,00112.899520,D4_42,0.073
,,00112.902160,D4_42,0.019
,,00113.161120,D4_31,0.049
,,00113.161120,D4_32,0.034
,,00113.164320,D4_32,0.014
,,00113.218960,D4_42,0.079
,,00113.237600,D4_13,0.019
,,00113.379520,D4_31,0.037
,,00113.379680,D4_32,0.037
,,00113.382240,D4_32,0.014
,,00113.523440,D4_42,0.081
,,00113.525840,D4_42,0.017
,,00113.866480,D4_42,0.076
,,00114.190320,D4_42,0.073
,,00114.553200,D4_42,0.079
,,00114.979680,D4_42,0.07
,,00115.325040,D4_42,0.075
,,00115.684080,D4_42,0.082
,,00116.237680,D4_42,0.078
,,00116.416000,D4_31,0.046
,,00116.416000,D4_32,0.037
,,00116.418240,D4_32,0.014
,,00116.419520,D4_31,0.015
,,00116.559280,D4_31,0.02
,,00116.622640,D4_31,0.04
,,00116.622640,D4_32,0.032
,,00116.624960,D4_32,0.009
,,00116.626000,D4_31,0.019
,,00116.645600,D4_42,0.077
,,00117.009440,D4_42,0.076
,,00117.303840,D4_42,0.078
,,00117.613680,D4_42,0.077
,,00117.872240,D4_42,0.071
,,00118.252320,D4_42,0.081
,,00118.558560,D4_42,0.078
,,00118.561280,D4_42,0.016
,,00118.859680,D4_42,0.079
,,00119.323760,D4_42,0.077
,,00119.326480,D4_42,0.016
,,00119.644800,D4_31,0.042
,,00119.644960,D4_32,0.033
,,00119.647360,D4_32,0.01
,,00119.774560,D4_42,0.079
,,00119.777360,D4_42,0.016
,,00119.855840,D4_31,0.029
,,00119.856000,D4_32,0.034
,,00119.858160,D4_31,0.011
,,00120.066960,D4_42,0.071
,,00120.281040,D4_31,0.02
,,00120.378400,D4_42,0.071
,,00120.722720,D4_42,0.074
,,00120.725600,D4_42,0.018
,,00120.800160,D4_23,0.022
,,00121.025840,D4_31,0.017
,,00121.094480,D4_42,0.072
,,00121.245200,D4_31,0.023
,,00121.383440,D4_42,0.079
,,00121.735120,D4_42,0.074
,,00121.737520,D4_42,0.02
,,00122.135600,D4_42,0.078
,,00122.498640,D4_42,0.074
,,00122.794720,D4_42,0.075
,,00122.797520,D4_42,0.013
,,00122.895760,D4_31,0.044
,,00122.895840,D4_32,0.034
,,00122.898160,D4_32,0.008
,,00123.111840,D4_31,0.04
,,00123.112000,D4_32,0.035
,,00123.112240,D4_21,0.022
,,00123.115040,D4_32,0.015
,,00123.135440,D4_42,0.077
,,00123.453520,D4_42,0.078
,,00123.732560,D4_42,0.08
,,00124.101440,D4_31,0.017
,,00124.111680,D4_42,0.072
,,00124.406480,D4_31,0.018
,,00124.415840,D4_42,0.081
,,00124.418400,D4_42,0.02
,,00124.723920,D4_42,0.068
,,00125.016800,D4_42,0.079
,,00125.350640,D4_42,0.078
,,00125.641280,D4_42,0.079
,,00125.644240,D4_42,0.019
,,00126.000880,D4_42,0.077
,,00126.144640,D4_31,0.046
,,00126.144720,D4_32,0.037
,,00126.317600,D4_42,0.071
,,00126.319920,D4_42,0.017
,,00126.355840,D4_31,0.044
,,00126.355840,D4_32,0.036
,,00126.358080,D4_32,0.011
,,00126.359280,D4_31,0.015
,,00126.715520,D4_42,0.075
,,00126.718640,D4_42,0.024
,,00127.039280,D4_42,0.074
,,00127.041680,D4_42,0.016
,,00127.305760,D4_42,0.075
,,00127.619760,D4_42,0.07
,,00127.900560,D4_42,0.078
,,00127.903360,D4_42,0.015
,,00128.225440,D4_42,0.081
,,00128.568960,D4_42,0.073
,,00128.571760,D4_42,0.016
,,00128.947120,D4_42,0.073
,,00129.199280,D4_42,0.074
,,00129.394480,D4_31,0.04
,,00129.394560,D4_32,0.034
,,00129.396800,D4_32,0.016
,,00129.489440,D4_42,0.071
,,00129.605120,D4_31,0.033
,,00129.605120,D4_32,0.028
,,00129.607520,D4_32,0.012
,,00129.930720,D4_42,0.07
,,00130.106640,D4_31,0.02
,,00130.354000,D4_42,0.073
,,00130.356640,D4_42,0.017
,,00130.696960,D4_42,0.073
,,00131.104080,D4_42,0.075
,,00131.106560,D4_42,0.015
,,00131.267040,D4_23,0.028
,,00131.443280,D4_42,0.07
,,00131.446000,D4_42,0.015
,,00131.815120,D4_42,0.078
,,00132.036800,D4_23,0.017
,,00132.222720,D4_42,0.079
,,00132.544880,D4_42,0.076
,,00132.627440,D4_31,0.062
,,00132.627440,D4_32,0.047
,,00132.630880,D4_31,0.017
,,00132.818880,D4_42,0.075
,,00132.838000,D4_31,0.051
,,00132.838160,D4_32,0.05
,,00132.838400,D4_21,0.02
,,00132.841200,D4_32,0.016
,,00133.097520,D4_42,0.069
,,00133.454960,D4_42,0.082
,,00133.737840,D4_13,0.023
,,00133.756560,D4_42,0.078
,,00134.023760,D4_42,0.078
,,00134.316160,D4_42,0.075
,,00134.611600,D4_42,0.076
,,00134.923200,D4_42,0.077
,,00135.192880,D4_42,0.08
,,00135.620480,D4_42,0.073
,,00135.861280,D4_31,0.057
,,00135.861360,D4_32,0.047
,,00135.987360,D4_42,0.074
,,00135.990240,D4_42,0.016
,,00135.996720,D4_31,0.02
,,00136.069120,D4_31,0.056
,,00136.069200,D4_32,0.041
,,00136.072880,D4_31,0.016
,,00136.138960,D4_13,0.023
,,00136.295360,D4_42,0.079
,,00136.652800,D4_42,0.076
,,00136.901200,D4_42,0.079
,,00137.275440,D4_42,0.077
,,00137.345440,D4_13,0.02
,,00137.491760,D4_23,0.021
,,00137.649600,D4_42,0.068
,,00138.478960,D4_42,0.077
,,00138.481680,D4_42,0.015
,,00138.924400,D4_42,0.075
,,00139.109200,D4_31,0.057
,,00139.109200,D4_32,0.041
,,00139.109360,D4_21,0.018
,,00139.231200,D4_42,0.076
,,00139.321120,D4_31,0.058
,,00139.321120,D4_32,0.041
,,00139.321360,D4_21,0.02
,,00139.600640,D4_42,0.073
,,00139.940560,D4_42,0.08
,,00140.350400,D4_42,0.079
,,00140.701120,D4_42,0.069
,,00141.042080,D4_42,0.077
,,00141.044640,D4_42,0.021
,,00141.411600,D4_42,0.074
,,00141.414560,D4_42,0.021
,,00141.713520,D4_42,0.071
,,00141.872880,D4_13,0.019
,,00142.013920,D4_42,0.081
,,00142.185680,D4_13,0.019
,,00142.361040,D4_31,0.056
,,00142.361120,D4_32,0.043
,,00142.361360,D4_21,0.027
,,00142.432320,D4_42,0.078
,,00142.434960,D4_42,0.017
,,00142.572320,D4_31,0.048
,,00142.572320,D4_32,0.043
,,00142.572720,D4_21,0.02
,,00142.576160,D4_31,0.014
,,00142.900720,D4_42,0.071
,,00143.358720,D4_42,0.082
,,00143.361440,D4_42,0.021
,,00143.698320,D4_42,0.076
,,00144.067680,D4_42,0.077
,,00144.710480,D4_42,0.073
,,00145.290880,D4_42,0.07
,,00145.599920,D4_31,0.06
,,00145.600000,D4_32,0.042
,,00145.600080,D4_21,0.019
,,00145.603360,D4_32,0.015
,,00145.630640,D4_42,0.079
,,00145.632960,D4_42,0.012
,,00145.803760,D4_31,0.051
,,00145.803760,D4_32,0.047
,,00145.804000,D4_21,0.019
,,00146.038320,D4_42,0.079
,,00146.420640,D4_42,0.075
,,00146.846560,D4_42,0.074
,,00147.252720,D4_42,0.072
,,00147.542560,D4_42,0.076
,,00147.545040,D4_42,0.016
,,00147.883520,D4_42,0.078
,,00148.236880,D4_42,0.08
,,00148.610560,D4_42,0.071
,,00148.836880,D4_31,0.068
,,00148.836880,D4_32,0.045
,,00148.836960,D4_21,0.024
,,00148.840240,D4_32,0.015
,,00148.959920,D4_42,0.081
,,00149.042560,D4_31,0.052
,,00149.042640,D4_32,0.046
,,00149.042880,D4_21,0.029
,,00149.296480,D4_42,0.077
,,00149.691760,D4_42,0.074
,,00149.885440,D4_31,0.019
,,00150.041600,D4_42,0.075
,,00150.408400,D4_31,0.017
,,00150.417360,D4_42,0.075
,,00150.420080,D4_42,0.018
,,00150.730080,D4_42,0.08
,,00151.080800,D4_42,0.082
,,00151.447280,D4_42,0.08
,,00151.908560,D4_42,0.075
,,00151.911200,D4_42,0.016
,,00152.081680,D4_31,0.064
,,00152.081760,D4_32,0.054
,,00152.081840,D4_21,0.022
,,00152.249520,D4_42,0.083
,,00152.286560,D4_32,0.04
,,00152.286640,D4_31,0.056
,,00152.286960,D4_21,0.025
,,00152.289360,D4_21,0.016
,,00152.290480,D4_31,0.018
,,00152.458160,D4_31,0.016
,,00152.607920,D4_42,0.085
,,00152.655200,D4_31,0.018
,,00152.988560,D4_42,0.073
,,00152.991360,D4_42,0.017
,,00153.011040,D4_11,0.017
,,00153.459680,D4_42,0.079
,,00153.827600,D4_42,0.082
,,00153.830240,D4_42,0.017
,,00154.185360,D4_42,0.079
,,00154.655120,D4_42,0.079
,,00155.158320,D4_13,0.024
,,00155.325600,D4_31,0.055
,,00155.325600,D4_32,0.043
,,00155.325760,D4_21,0.022
,,00155.329040,D4_32,0.02
,,00155.371120,D4_42,0.074
,,00155.373600,D4_42,0.019
,,00155.536640,D4_31,0.047
,,00155.536720,D4_32,0.041
,,00155.906720,D4_42,0.08
,,00155.909600,D4_42,0.02
,,00156.196480,D4_42,0.081
,,00156.556800,D4_42,0.079
,,00156.678480,D4_31,0.016
,,00156.847920,D4_42,0.079
,,00157.385760,D4_42,0.079
,,00157.842480,D4_42,0.077
,,00158.239120,D4_31,0.02
,,00158.457760,D4_42,0.077
,,00158.580480,D4_31,0.053
,,00158.580480,D4_32,0.047
,,00158.580800,D4_21,0.023
,,00158.786560,D4_31,0.049
,,00158.786720,D4_32,0.047
,,00158.787120,D4_21,0.021
,,00158.968080,D4_42,0.075
,,00159.420480,D4_42,0.074
,,00159.422880,D4_42,0.019
,,00159.744720,D4_42,0.075
,,00159.999600,D4_31,0.019
,,00160.099520,D4_42,0.076
,,00160.447280,D4_42,0.071
,,00161.268880,D4_42,0.074
,,00161.813360,D4_31,0.056
,,00161.813360,D4_32,0.043
,,00161.813600,D4_21,0.021
,,00161.870000,D4_42,0.07
,,00161.872320,D4_42,0.018
,,00162.019520,D4_31,0.059
,,00162.019600,D4_32,0.043
,,00162.019920,D4_21,0.023
,,00162.280720,D4_42,0.071
,,00162.780400,D4_42,0.079
,,00163.065440,D4_42,0.078
,,00163.320240,D4_42,0.073
,,00163.625360,D4_42,0.07
,,00163.896560,D4_42,0.076
,,00164.173440,D4_42,0.077
,,00164.175680,D4_42,0.014
,,00164.499840,D4_42,0.075
,,00164.502640,D4_42,0.018
,,00164.821840,D4_42,0.084
,,00165.042240,D4_31,0.08
,,00165.042240,D4_32,0.06
,,00165.042560,D4_21,0.031
,,00165.113760,D4_42,0.071
,,00165.212080,D4_31,0.019
,,00165.252320,D4_31,0.067
,,00165.252400,D4_32,0.056
,,00165.252560,D4_21,0.023
,,00165.418800,D4_42,0.076
,,00165.421360,D4_42,0.023
,,00165.785200,D4_42,0.075
,,00166.171920,D4_42,0.081
,,00166.442880,D4_42,0.081
,,00166.741360,D4_42,0.08
,,00167.158000,D4_42,0.079
,,00167.469280,D4_42,0.074
,,00167.791840,D4_42,0.065
,,00167.868400,D4_13,0.026
,,00168.159680,D4_42,0.075
,,00168.162320,D4_42,0.017
,,00168.291120,D4_31,0.082
,,00168.291120,D4_32,0.059
,,00168.291440,D4_21,0.025
,,00168.294640,D4_32,0.019
,,00168.294960,D4_31,0.017
,,00168.423280,D4_42,0.081
,,00168.502080,D4_31,0.058
,,00168.502160,D4_32,0.051
,,00168.502480,D4_21,0.023
,,00168.505920,D4_31,0.013
,,00168.709520,D4_42,0.074
,,00168.931760,D4_31,0.017
,,00169.027840,D4_42,0.074
,,00169.423600,D4_42,0.077
,,00169.895680,D4_42,0.075
,,00170.207760,D4_42,0.079
,,00170.210160,D4_42,0.016
,,00170.511360,D4_31,0.018
,,00170.573360,D4_42,0.074
,,00171.034160,D4_42,0.077
,,00171.376240,D4_42,0.074
,,00171.542000,D4_31,0.074
,,00171.542000,D4_32,0.052
,,00171.542160,D4_21,0.025
,,00171.633600,D4_42,0.074
,,00171.636160,D4_42,0.017
,,00171.740160,D4_31,0.022
,,00171.752400,D4_31,0.066
,,00171.752480,D4_32,0.057
,,00171.752560,D4_21,0.024
,,00171.890320,D4_31,0.022
,,00171.932320,D4_42,0.075
,,00172.285600,D4_42,0.074
,,00172.288000,D4_42,0.022
,,00172.680640,D4_42,0.074
,,00173.003680,D4_31,0.02
,,00173.075520,D4_42,0.08
,,00173.523920,D4_42,0.071
,,00173.832320,D4_42,0.076
,,00174.174480,D4_42,0.079
,,00174.530000,D4_23,0.042
,,00174.551360,D4_42,0.073
,,00174.796320,D4_31,0.067
,,00174.796320,D4_32,0.055
,,00174.796560,D4_21,0.024
,,00174.887120,D4_42,0.065
,,00175.001920,D4_31,0.064
,,00175.002000,D4_32,0.047
,,00175.002240,D4_21,0.025
,,00175.314960,D4_42,0.08
,,00175.317840,D4_42,0.016
,,00175.720240,D4_42,0.08
,,00176.001280,D4_13,0.021
,,00176.036400,D4_42,0.079
,,00176.357600,D4_42,0.076
,,00176.360480,D4_42,0.018
,,00176.739920,D4_42,0.073
,,00177.106000,D4_42,0.078
,,00177.449680,D4_42,0.079
,,00178.009760,D4_42,0.079
,,00178.040800,D4_31,0.062
,,00178.040800,D4_32,0.055
,,00178.041040,D4_21,0.027
,,00178.246160,D4_31,0.058
,,00178.246240,D4_32,0.056
,,00178.246320,D4_21,0.024
,,00178.250160,D4_31,0.017
,,00178.382240,D4_42,0.074
,,00178.384880,D4_42,0.014
,,00178.940080,D4_42,0.08
,,00178.942800,D4_42,0.021
,,00179.283280,D4_42,0.071
,,00179.588400,D4_42,0.076
,,00179.949600,D4_42,0.075
,,00180.293520,D4_42,0.074
,,00180.658080,D4_42,0.069
,,00181.004480,D4_42,0.077
,,00181.275680,D4_31,0.064
,,00181.275680,D4_32,0.054
,,00181.275840,D4_21,0.032
,,00181.378800,D4_42,0.075
,,00181.484000,D4_31,0.068
,,00181.484160,D4_32,0.054
,,00181.484240,D4_21,0.023
,,00181.639440,D4_31,0.018
,,00182.048800,D4_42,0.079
,,00182.418880,D4_42,0.077
,,00182.421280,D4_42,0.016
,,00182.751840,D4_42,0.082
,,00183.178160,D4_42,0.08
,,00183.562000,D4_42,0.079
,,00183.565280,D4_42,0.019
,,00183.889920,D4_42,0.074
,,00183.892480,D4_42,0.017
,,00184.269520,D4_42,0.072
,,00184.271760,D4_42,0.02
,,00184.507520,D4_31,0.075
,,00184.507600,D4_32,0.059
,,00184.507760,D4_21,0.027
,,00184.679680,D4_42,0.077
,,00184.682240,D4_42,0.017
,,00184.717120,D4_31,0.073
,,00184.718000,D4_32,0.051
,,00184.718160,D4_21,0.026
,,00184.719680,D4_31,0.015
,,00185.106000,D4_42,0.078
,,00185.440400,D4_42,0.081
,,00185.442800,D4_42,0.014
,,00185.835040,D4_42,0.073
,,00186.370160,D4_23,0.031
,,00186.489600,D4_42,0.076
,,00186.894960,D4_42,0.079
,,00187.402240,D4_42,0.075
,,00187.404880,D4_42,0.018
,,00187.757440,D4_31,0.071
,,00187.757440,D4_32,0.062
,,00187.757520,D4_21,0.024
,,00187.802800,D4_32,0.02
,,00187.829920,D4_32,0.019
,,00187.833440,D4_42,0.081
,,00187.972800,D4_31,0.06
,,00187.972800,D4_32,0.049
,,00187.972960,D4_21,0.034
,,00188.517120,D4_31,0.017
,,00188.623280,D4_31,0.015
,,00188.661120,D4_42,0.075
,,00189.455520,D4_42,0.071
,,00189.718240,D4_23,0.015
,,00189.786400,D4_42,0.08
,,00190.118240,D4_42,0.076
,,00190.464240,D4_42,0.079
,,00190.466880,D4_42,0.018
,,00190.800960,D4_42,0.078
,,00190.803840,D4_42,0.02
,,00191.010320,D4_31,0.075
,,00191.010320,D4_32,0.058
,,00191.010400,D4_21,0.026
,,00191.167600,D4_42,0.077
,,00191.189760,D4_31,0.013
,,00191.217360,D4_31,0.074
,,00191.217360,D4_32,0.056
,,00191.217440,D4_21,0.026
,,00191.428400,D4_42,0.074
,,00191.431520,D4_42,0.018
,,00191.837840,D4_42,0.075
,,00192.254320,D4_42,0.077
,,00192.678400,D4_42,0.084
,,00193.136080,D4_42,0.07
,,00193.558080,D4_42,0.074
,,00194.001680,D4_42,0.07
,,00194.240160,D4_31,0.073
,,00194.240240,D4_32,0.063
,,00194.240400,D4_21,0.035
,,00194.335680,D4_42,0.08
,,00194.452320,D4_31,0.062
,,00194.452400,D4_32,0.047
,,00194.452560,D4_21,0.025
,,00194.970400,D4_42,0.079
,,00194.972800,D4_42,0.011
,,00195.083520,D4_13,0.018
,,00195.751920,D4_42,0.078
,,00195.754400,D4_42,0.018
,,00196.311520,D4_42,0.082
,,00196.691760,D4_31,0.019
,,00196.774880,D4_42,0.073
,,00196.839440,D4_23,0.045
,,00196.993840,D4_31,0.016
,,00197.241520,D4_42,0.081
,,00197.626400,D4_31,0.018
,,00197.650640,D4_42,0.078
,,00198.054560,D4_31,0.017
,,00198.102320,D4_42,0.076
,,00198.104720,D4_42,0.016
,,00198.480000,D4_42,0.075
,,00198.482560,D4_42,0.015
,,00198.971280,D4_42,0.074
,,00199.282240,D4_42,0.074
,,00199.284560,D4_42,0.019
,,00199.673840,D4_42,0.078
,,00199.676720,D4_42,0.018
,,00200.181040,D4_42,0.079
,,00200.780800,D4_42,0.076
,,00201.232560,D4_42,0.082
,,00201.770560,D4_42,0.074
,,00202.226880,D4_42,0.08